{
	"agcgw":{
		"backurl":"connect-dra.hispace.hicloud.com",
		"url":"connect-dra.dbankcloud.cn",
		"websocketbackurl":"connect-ws-dra.hispace.dbankcloud.com",
		"websocketurl":"connect-ws-dra.hispace.dbankcloud.cn"
	},
	"agcgw_all":{
		"CN":"connect-drcn.dbankcloud.cn",
		"CN_back":"connect-drcn.hispace.hicloud.com",
		"DE":"connect-dre.dbankcloud.cn",
		"DE_back":"connect-dre.hispace.hicloud.com",
		"RU":"connect-drru.dbankcloud.cn",
		"RU_back":"connect-drru.hispace.hicloud.com",
		"SG":"connect-dra.dbankcloud.cn",
		"SG_back":"connect-dra.hispace.hicloud.com"
	},
	"client":{
		"cp_id":"2640084000020984287",
		"product_id":"737518067793684535",
		"client_id":"754252355783902464",
		"client_secret":"71C7876AA844C63563CA793B28B4F82649FD043B82BD27BDB43C86E4AB95C23B",
		"project_id":"737518067793684535",
		"app_id":"104917683",
		"api_key":"CwEAAAAA5wbf3ruhj/Bhfq+RpWYC1FC6H1GNnx7nNe+a8Fw5aD3BcElg6WOjIApsmDJp79h5m989fWZxL/nrnTJcnUFD/Fow8/g=",
		"package_name":"com.example.myapptrannam"
	},
	"oauth_client":{
		"client_id":"104917683",
		"client_type":1
	},
	"app_info":{
		"app_id":"104917683",
		"package_name":"com.example.myapptrannam"
	},
	"service":{
		"analytics":{
			"collector_url":"datacollector-dra.dt.hicloud.com,datacollector-dra.dt.dbankcloud.cn",
			"collector_url_ru":"datacollector-drru.dt.hicloud.com,datacollector-drru.dt.dbankcloud.cn",
			"collector_url_sg":"datacollector-dra.dt.hicloud.com,datacollector-dra.dt.dbankcloud.cn",
			"collector_url_de":"datacollector-dre.dt.hicloud.com,datacollector-dre.dt.dbankcloud.cn",
			"collector_url_cn":"datacollector-drcn.dt.hicloud.com,datacollector-drcn.dt.dbankcloud.cn",
			"resource_id":"p1",
			"channel_id":""
		},
		"search":{
			"url":"https://search-dra.cloud.huawei.com"
		},
		"cloudstorage":{
			"storage_url":"https://ops-dra.agcstorage.link"
		},
		"ml":{
			"mlservice_url":"ml-api-dra.ai.dbankcloud.com,ml-api-dra.ai.dbankcloud.cn"
		}
	},
	"region":"SG",
	"configuration_version":"3.0",
	"appInfos":[
		{
			"package_name":"com.example.myapptrannam",
			"client":{
				"app_id":"104917683"
			},
			"app_info":{
				"package_name":"com.example.myapptrannam",
				"app_id":"104917683"
			},
			"oauth_client":{
				"client_type":1,
				"client_id":"104917683"
			}
		}
	]
}